{
  "attempt_id": 1,
  "candidate_document": "CadGenCandidate_20260711T143542851312Z_2_1_f1af9e3fee5b",
  "candidate_shape_fingerprints": {
    "PipeAssembly": "adc8c3c451380267aa9b4e8169114331e4ebb3ba9c9921fad380da769dd16019",
    "solid_M1": "832ef28f99b51ce46cbedc1434cf5deb27bbfd7791083dda2172ee5fdab7a082",
    "solid_M2": "9b00d614a4872287c952b3bce647aecc477d471e6ea3b6278abd0d47b0d92482"
  },
  "checks": {
    "adjacent_interface_overlaps": [],
    "anchored_inlet_bore_failures": [],
    "anchored_inlet_count": 1,
    "assembly": {
      "bop_errors": [],
      "bounds": {
        "maximum": [
          32.24996670527306,
          10.0,
          61.28885786781689
        ],
        "minimum": [
          -8.66025302838276,
          -10.0,
          -5.000001748438417
        ]
      },
      "is_closed": true,
      "is_null": false,
      "is_valid": true,
      "passed": true,
      "shape_check_mode": "topology_without_global_bop_argument_analysis",
      "solid_count": 1,
      "volume": 6892.598477430746
    },
    "assembly_errors": [],
    "bore_network": {
      "assembly_intrusion_allowance": 0.00012253508404321328,
      "assembly_intrusion_volume": 0.0,
      "bop_errors": [],
      "bounds": {
        "maximum": [
          30.158945431282845,
          8.0,
          59.124073467232144
        ],
        "minimum": [
          -6.9282024227062085,
          -8.0,
          -4.000001398750734
        ]
      },
      "intrusion_check_method": "outer_minus_bore_construction_invariant",
      "intrusion_module_ids": [],
      "is_closed": true,
      "is_null": false,
      "is_valid": true,
      "passed": true,
      "shape_check_mode": "topology_without_global_bop_argument_analysis",
      "solid_count": 1,
      "volume": 12253.508404321328
    },
    "centerlines": {
      "M1": {
        "circular_sweep": null,
        "curve_length": 40.0,
        "minimum_nonlocal_distance": null,
        "minimum_radius": null,
        "passed": true,
        "required_radius": null,
        "required_self_clearance": null
      },
      "M2": {
        "circular_sweep": {
          "analytic_frame_origin": [
            11.3397539653709,
            0.0,
            39.64101386196945
          ],
          "analytic_frame_radial_axis": [
            0.8660253028382768,
            0.0,
            -0.5000001748438405
          ],
          "analytic_frame_tangent_axis": [
            0.5000001748438406,
            0.0,
            0.8660253028382767
          ],
          "authored_plane_normal_dot": -1.0,
          "authored_signed_sweep_degrees": -120.0,
          "canonical_centerline_radius": 10.0,
          "centerline_radius": 10.000000000000005,
          "classification": "horn_boundary",
          "construction_method": "analytic_torus_segment_outer_minus_bore",
          "derived_sweep_magnitude_degrees": 119.99999999999989,
          "directed_normal": [
            0.0,
            -1.0,
            0.0
          ],
          "equality_roundoff_band": 1.1368683772161603e-13,
          "outer_profile_radius": 10.0,
          "radial_clearance": 0.0,
          "raw_radial_clearance": 5.329070518200751e-15,
          "supported": true
        },
        "curvature_method": "dense_piecewise_curve_sampling",
        "curvature_proof": "sampled_not_global_extremum",
        "curvature_repair_hint": "The circular arc is tighter than its required curvature bound. Increase the independent bend radius or, for connect_ports, move the midpoint farther from the endpoint chord.",
        "curve_length": 20.943951023931945,
        "endpoint_tangency_passed": true,
        "endpoint_tangent_dots": null,
        "minimum_join_tangent_dot": 1.0,
        "minimum_nonlocal_distance": null,
        "minimum_radius": 10.0,
        "minimum_radius_location": {
          "edge_parameter": [
            0,
            0.9408415499031924
          ],
          "position": [
            20.48185234055699,
            0.0,
            43.69342515630026
          ],
          "sample_index": 115
        },
        "minimum_radius_nearest_path_point_index": 19,
        "optimized_handle_factors": null,
        "passed": true,
        "required_radius": null,
        "required_self_clearance": 20.0001,
        "sample_count": 257,
        "self_clearance_closest_pair": null,
        "self_clearance_method": "dense_nonlocal_segment_sampling",
        "self_clearance_passed": true,
        "tangent_continuity_passed": true,
        "zero_curvature": false
      }
    },
    "connection_failures": [],
    "declared_downstream_open_port_count": 1,
    "minimum_authored_wall_thickness": 2.0,
    "module_errors": [],
    "modules": {
      "M1": {
        "bop_errors": [],
        "bounds": {
          "maximum": [
            28.660260022136427,
            10.0,
            39.641013861969455
          ],
          "minimum": [
            -8.66025302838276,
            -10.0,
            -5.000001748438417
          ]
        },
        "is_closed": true,
        "is_null": false,
        "is_valid": true,
        "passed": true,
        "shape_check_mode": "topology_without_global_bop_argument_analysis",
        "solid_count": 1,
        "volume": 4523.893421169298
      },
      "M2": {
        "bop_errors": [],
        "bounds": {
          "maximum": [
            32.24996670527306,
            10.0,
            61.28885786781689
          ],
          "minimum": [
            11.3397539653709,
            -10.0,
            28.817088074053324
          ]
        },
        "circular_sweep": {
          "analytic_frame_origin": [
            11.3397539653709,
            0.0,
            39.64101386196945
          ],
          "analytic_frame_radial_axis": [
            0.8660253028382768,
            0.0,
            -0.5000001748438405
          ],
          "analytic_frame_tangent_axis": [
            0.5000001748438406,
            0.0,
            0.8660253028382767
          ],
          "authored_plane_normal_dot": -1.0,
          "authored_signed_sweep_degrees": -120.0,
          "canonical_centerline_radius": 10.0,
          "centerline_radius": 10.000000000000005,
          "classification": "horn_boundary",
          "construction_method": "analytic_torus_segment_outer_minus_bore",
          "derived_sweep_magnitude_degrees": 119.99999999999989,
          "directed_normal": [
            0.0,
            -1.0,
            0.0
          ],
          "equality_roundoff_band": 1.1368683772161603e-13,
          "outer_profile_radius": 10.0,
          "radial_clearance": 0.0,
          "raw_radial_clearance": 5.329070518200751e-15,
          "supported": true
        },
        "construction_method": "analytic_torus_segment_outer_minus_bore",
        "is_closed": true,
        "is_null": false,
        "is_valid": true,
        "passed": true,
        "shape_check_mode": "topology_without_global_bop_argument_analysis",
        "solid_count": 1,
        "volume": 2368.705056261445
      }
    },
    "non_adjacent_overlaps": [],
    "outer_network": {
      "bop_errors": [],
      "bounds": {
        "maximum": [
          32.24996670527306,
          10.0,
          61.28885786781689
        ],
        "minimum": [
          -8.66025302838276,
          -10.0,
          -5.000001748438417
        ]
      },
      "is_closed": true,
      "is_null": false,
      "is_valid": true,
      "passed": true,
      "shape_check_mode": "topology_without_global_bop_argument_analysis",
      "solid_count": 1,
      "volume": 19146.106881752075
    },
    "required_internal_section_module_count": 2,
    "sampled_internal_section_count": 15,
    "sampled_internal_sections_by_module": {
      "M1": 1,
      "M2": 14
    },
    "terminal_bore_failures": [],
    "termination_seal_failures": [],
    "wall_section_failures": []
  },