{
  "smooth_s_bend": {
    "bore_radius": 8.0,
    "centerline_length": 155.84609896917345,
    "checks": {
      "assembly": {
        "bop_errors": [
          "check_exception: Unorientable shape\nNo error\nNo error\n"
        ],
        "bounds": {
          "maximum": [
            195.1486093718009,
            240.04633374589284,
            131.45855487191483
          ],
          "minimum": [
            -33.86419178293869,
            -141.27525814563063,
            -131.45855487190616
          ]
        },
        "is_closed": true,
        "is_null": false,
        "is_valid": false,
        "passed": false,
        "solid_count": 2,
        "volume": 44510.58491847203
      },
      "bore_network": {
        "assembly_intrusion_allowance": 0.00029777813039133896,
        "assembly_intrusion_volume": 0.0,
        "bop_errors": [
          "check_exception: BOP check found the following errors:\nError in Face: BOPAlgo SelfIntersect\n"
        ],
        "bounds": {
          "maximum": [
            169.6882723913823,
            202.11038476826252,
            105.16684389751683
          ],
          "minimum": [
            -13.820335627039668,
            -113.20154514131754,
            -105.16684389751994
          ]
        },
        "is_closed": true,
        "is_null": false,
        "is_valid": true,
        "passed": false,
        "solid_count": 1,
        "volume": 29777.813039133893
      },
      "connection": {
        "connection_failures": [],
        "final_tangent_dot": 1.0,
        "initial_tangent_dot": 1.0,
        "passed": true
      },
      "outer_network": {
        "bop_errors": [
          "check_exception: BOP check found the following errors:\nError in Face: BOPAlgo SelfIntersect\n"
        ],
        "bounds": {
          "maximum": [
            195.1486093718009,
            240.04633374589284,
            131.45855487191483
          ],
          "minimum": [
            -33.86419178293869,
            -141.27525814563063,
            -131.45855487190616
          ]
        },
        "is_closed": true,
        "is_null": false,
        "is_valid": true,
        "passed": false,
        "solid_count": 1,
        "volume": 46527.83287672293
      },
      "overlap": {
        "non_adjacent_overlaps": [],
        "passed": false,
        "sweep_volume_relative_error": 0.04968624268884653
      },
      "wall": {
        "failures": [
          {
            "edge": 0,
            "fraction": 0.12,
            "kind": "blocked_bore"
          },
          {
            "edge": 0,
            "fraction": 0.35,
            "kind": "blocked_bore"
          },
          {
            "edge": 0,
            "fraction": 0.62,
            "kind": "blocked_bore"
          },
          {
            "edge": 0,
            "fraction": 0.88,
            "kind": "blocked_bore"
          }
        ],
        "passed": false,
        "sample_count": 32
      }
    },
    "name": "smooth_s_bend",
    "outer_radius": 10.0,
    "passed": false,
    "path_edge_count": 1,
    "wall_thickness": 2.0
  },
  "torsion_bspline": {
    "bore_radius": 4.0,
    "centerline_length": 370.1145072074575,
    "checks": {
      "assembly": {
        "bop_errors": [
          "check_exception: Unorientable shape\nNo error\nNo error\n"
        ],
        "bounds": {
          "maximum": [
            36.48107206247071,
            61.517326997257456,
            95.9845619067843
          ],
          "minimum": [
            -44.26372459670349,
            -14.859353410660862,
            -5.814440607254127
          ]
        },
        "is_closed": true,
        "is_null": false,
        "is_valid": false,
        "passed": false,
        "solid_count": 1,
        "volume": 26647.233137273142
      },
      "bore_network": {
        "assembly_intrusion_allowance": 0.0001787471354899151,
        "assembly_intrusion_volume": 0.0,
        "bop_errors": [
          "check_exception: BOP check found the following errors:\nError in Face: BOPAlgo SelfIntersect\nError in Edge: BOPAlgo GeomAbs_C0\nError in Face: BOPAlgo GeomAbs_C0\n"
        ],
        "bounds": {
          "maximum": [
            32.65333224253212,
            57.67821799817237,
            90.65637460452288
          ],
          "minimum": [
            -39.970023968823575,
            -9.337246101259677,
            -3.876293738169423
          ]
        },
        "is_closed": true,
        "is_null": false,
        "is_valid": true,
        "passed": false,
        "solid_count": 1,
        "volume": 17874.71354899151
      },
      "connection": {
        "connection_failures": [],
        "final_tangent_dot": 0.9999999999999999,
        "initial_tangent_dot": 0.9999999999999999,
        "passed": true
      },
      "outer_network": {
        "bop_errors": [
          "check_exception: BOP check found the following errors:\nError in Face: BOPAlgo SelfIntersect\nError in Edge: BOPAlgo GeomAbs_C0\nError in Face: BOPAlgo GeomAbs_C0\n"
        ],
        "bounds": {
          "maximum": [
            36.48107206247071,
            61.517326997257456,
            95.9845619067843
          ],
          "minimum": [
            -44.26372459670349,
            -14.859353410660862,
            -5.814440607254127
          ]
        },
        "is_closed": true,
        "is_null": false,
        "is_valid": true,
        "passed": false,
        "solid_count": 1,
        "volume": 40223.76159834897
      },
      "overlap": {
        "non_adjacent_overlaps": [],
        "passed": false,
        "sweep_volume_relative_error": 0.039064583248191
      },
      "wall": {
        "failures": [
          {
            "edge": 0,
            "fraction": 0.88,
            "kind": "material_outside_outer_radius",
            "radial_sample": 2
          },
          {
            "edge": 0,
            "fraction": 0.88,
            "kind": "material_outside_outer_radius",
            "radial_sample": 3
          },
          {
            "edge": 0,
            "fraction": 0.88,
            "kind": "material_outside_outer_radius",
            "radial_sample": 4
          },
          {
            "edge": 0,
            "fraction": 0.88,
            "kind": "material_outside_outer_radius",
            "radial_sample": 5
          },
          {
            "edge": 0,
            "fraction": 0.88,
            "kind": "material_outside_outer_radius",
            "radial_sample": 6
          },
          {
            "edge": 0,
            "fraction": 0.88,
            "kind": "material_outside_outer_radius",
            "radial_sample": 7
          },
          {
            "edge": 0,
            "fraction": 0.88,
            "kind": "blocked_bore"
          }
        ],
        "passed": false,
        "sample_count": 32
      }
    },
    "name": "torsion_bspline",
    "outer_radius": 6.0,
    "passed": false,
    "path_edge_count": 1,
    "wall_thickness": 2.0
  },
  "watertight_l": {
    "bore_radius": 8.0,
    "centerline_length": 147.1238898038469,
    "checks": {
      "assembly": {
        "bop_errors": [],
        "bounds": {
          "maximum": [
            89.93238357741943,
            80.0,
            9.983081582712682
          ],
          "minimum": [
            0.0,
            -9.93238357741943,
            -9.983081582712682
          ]
        },
        "is_closed": true,
        "is_null": false,
        "is_valid": true,
        "passed": true,
        "solid_count": 1,
        "volume": 16639.319929511512
      },
      "bore_network": {
        "assembly_intrusion_allowance": 0.00029581013208020455,
        "assembly_intrusion_volume": 0.0,
        "bop_errors": [],
        "bounds": {
          "maximum": [
            88.0,
            80.0,
            8.0
          ],
          "minimum": [
            0.0,
            -8.0,
            -8.0
          ]
        },
        "is_closed": true,
        "is_null": false,
        "is_valid": true,