{
  "attempt_id": 1,
  "candidate_document": "CadGenCandidate_spatial_double_elbow_v6_5_1_fcd4499fbe5e",
  "candidate_shape_fingerprints": {
    "PipeAssembly": "8b2a52c99d61faf170aec3e2259c2a8839cc39fff8c6e6ceb49af184e314d9d7",
    "solid_M1": "c8d51452a7539bb61ac9aeac3f104699b01739aeda760abe77664a1fdf283d9d",
    "solid_M2": "f23bccd60c05dc8d970de4066547cb41e39a955f20fb94b2020b45d1fd25430e",
    "solid_M3": "f526523792ba2548e0fb6444c96c43e75f32bb5716149f24721e40518128783a",
    "solid_M4": "6aa9b8e8acd9a450cb14dcf0695b9b05c846eda290c86446c7ddc3e7680e38ed",
    "solid_M5": "e931dd05326fbe43e815436b7d13189fe797e88c65faf63dd80db2e2287d1594"
  },
  "checks": {
    "anchored_inlet_bore_failures": [],
    "anchored_inlet_count": 1,
    "assembly": {
      "bop_errors": [],
      "bounds": {
        "maximum": [
          82.8837270102338,
          97.8837270102338,
          70.0
        ],
        "minimum": [
          0.0,
          -12.883727010233791,
          -12.883727010233791
        ]
      },
      "is_closed": true,
      "is_null": false,
      "is_valid": true,
      "passed": true,
      "solid_count": 1,
      "volume": 23019.8109021345
    },
    "assembly_errors": [],
    "bore_network": {
      "assembly_intrusion_allowance": 0.00040924108270461314,
      "assembly_intrusion_volume": 0.0,
      "bop_errors": [],
      "bounds": {
        "maximum": [
          80.71894260964899,
          95.71894260964899,
          70.0
        ],
        "minimum": [
          0.0,
          -10.718942609648998,
          -10.718942609648998
        ]
      },
      "intrusion_module_ids": [],
      "is_closed": true,
      "is_null": false,
      "is_valid": true,
      "passed": true,
      "solid_count": 1,
      "volume": 40924.108270461315
    },
    "centerlines": {
      "M1": {
        "curve_length": 45.0,
        "minimum_radius": null,
        "passed": true,
        "required_radius": null
      },
      "M2": {
        "curve_length": 39.269908169872416,
        "minimum_radius": null,
        "passed": true,
        "required_radius": null
      },
      "M3": {
        "curve_length": 35.0,
        "minimum_radius": null,
        "passed": true,
        "required_radius": null
      },
      "M4": {
        "curve_length": 39.269908169872416,
        "minimum_radius": null,
        "passed": true,
        "required_radius": null
      },
      "M5": {
        "curve_length": 45.0,
        "minimum_radius": null,
        "passed": true,
        "required_radius": null
      }
    },
    "connection_failures": [],
    "declared_downstream_open_port_count": 1,
    "minimum_authored_wall_thickness": 2.0,
    "module_errors": [],
    "modules": {
      "M1": {
        "bop_errors": [],
        "bounds": {
          "maximum": [
            45.0,
            10.0,
            9.972037971811801
          ],
          "minimum": [
            0.0,
            -10.0,
            -9.972037971811801
          ]
        },
        "is_closed": true,
        "is_null": false,
        "is_valid": true,
        "passed": true,
        "solid_count": 1,
        "volume": 5089.380098815465
      },
      "M2": {
        "bop_errors": [],
        "bounds": {
          "maximum": [
            80.0,
            25.0,
            10.0
          ],
          "minimum": [
            45.0,
            -10.0,
            -10.0
          ]
        },
        "is_closed": true,
        "is_null": false,
        "is_valid": true,
        "passed": true,
        "solid_count": 1,
        "volume": 4441.321980490206
      },
      "M3": {
        "bop_errors": [],
        "bounds": {
          "maximum": [
            80.0,
            60.0,
            9.993908270190957
          ],
          "minimum": [
            60.02435949740176,
            25.0,
            -9.993908270190957
          ]
        },
        "is_closed": true,
        "is_null": false,
        "is_valid": true,
        "passed": true,
        "solid_count": 1,
        "volume": 3958.40674352314
      },
      "M4": {
        "bop_errors": [],
        "bounds": {
          "maximum": [
            80.0,
            95.0,
            25.0
          ],
          "minimum": [
            60.0,
            60.0,
            -10.0
          ]
        },
        "is_closed": true,
        "is_null": false,
        "is_valid": true,
        "passed": true,
        "solid_count": 1,
        "volume": 4441.321980490214
      },
      "M5": {
        "bop_errors": [],
        "bounds": {
          "maximum": [
            80.0,
            94.9720379718118,
            70.0
          ],
          "minimum": [
            60.0,
            75.0279620281882,
            25.0
          ]
        },
        "is_closed": true,
        "is_null": false,
        "is_valid": true,
        "passed": true,
        "solid_count": 1,
        "volume": 5089.3800988154635
      }
    },
    "non_adjacent_overlaps": [],
    "outer_network": {
      "bop_errors": [],
      "bounds": {
        "maximum": [
          82.8837270102338,
          97.8837270102338,
          70.0
        ],
        "minimum": [
          0.0,
          -12.883727010233791,
          -12.883727010233791
        ]
      },
      "is_closed": true,
      "is_null": false,
      "is_valid": true,
      "passed": true,
      "solid_count": 1,
      "volume": 63943.9191725958
    },
    "sampled_internal_section_count": 35,
    "terminal_bore_failures": [],
    "termination_seal_failures": [],
    "wall_section_failures": []
  },
  "freecad_version": [
    "1",
    "1",
    "1",
    "20260414 (Git shallow)",
    "Unknown",
    "2026/04/14 22:09:59",
    "(HEAD detached at 0108fd4b4)",
    "0108fd4b4850cc46e625b60e53cea7a7bbe69f8d"
  ],
  "generator_version": "cadgen02-freecad-v6",
  "module_ids": [
    "M1",
    "M2",
    "M3",
    "M4",
    "M5"
  ],
  "passed": true,
  "payload_digest": "fcd4499fbe5ed8eb2733452581f8ca12e7b21c8c3162f95461bd6a3b2d4f7f1e",
  "run_id": "spatial_double_elbow_v6",
  "schema_version": 3,
  "state_id": "S5",
  "state_version": 5
}