{
  "attempt_id": 1000,
  "candidate_document": "CadGenCandidate_20260710T125612156582Z_1_1000_55f4e8c44580",
  "candidate_shape_fingerprints": {
    "PipeAssembly": "41ee3ab94c80f450b35387a2e974f389f1b6c59ed046b32625f3ead1cdfeb946",
    "solid_M1": "bc34014c35965865ef1292a47df5c3225158cf58dbbbb6d8caf53542462b63ee"
  },
  "checks": {
    "anchored_inlet_bore_failures": [],
    "anchored_inlet_count": 1,
    "assembly": {
      "bop_errors": [],
      "bounds": {
        "maximum": [
          51.95482561403491,
          10.0,
          40.000000000000014
        ],
        "minimum": [
          -1.3916080627538536e-15,
          -10.0,
          -11.95482561403491
        ]
      },
      "is_closed": true,
      "is_null": false,
      "is_valid": true,
      "passed": true,
      "solid_count": 1,
      "volume": 7106.115168784341
    },
    "assembly_errors": [],
    "bore_network": {
      "assembly_intrusion_allowance": 0.00012633093633394377,
      "assembly_intrusion_volume": 0.0,
      "bop_errors": [],
      "bounds": {
        "maximum": [
          51.95482561403491,
          8.0,
          40.00000000000001
        ],
        "minimum": [
          -1.113286450203083e-15,
          -8.0,
          -11.95482561403491
        ]
      },
      "intrusion_module_ids": [],
      "is_closed": true,
      "is_null": false,
      "is_valid": true,
      "passed": true,
      "solid_count": 1,
      "volume": 12633.093633394377
    },
    "centerlines": {
      "M1": {
        "curve_length": 62.83185307179588,
        "minimum_radius": null,
        "passed": true,
        "required_radius": null
      }
    },
    "connection_failures": [],
    "declared_downstream_open_port_count": 1,
    "minimum_authored_wall_thickness": 2.0,
    "module_errors": [],
    "modules": {
      "M1": {
        "bop_errors": [],
        "bounds": {
          "maximum": [
            49.95734176295035,
            10.0,
            40.000000000000014
          ],
          "minimum": [
            -1.3856717080917374e-15,
            -10.0,
            -9.957341762950348
          ]
        },
        "is_closed": true,
        "is_null": false,
        "is_valid": true,
        "passed": true,
        "solid_count": 1,
        "volume": 7106.115168784341
      }
    },
    "non_adjacent_overlaps": [],
    "outer_network": {
      "bop_errors": [],
      "bounds": {
        "maximum": [
          50.0,
          10.0,
          40.000000000000014
        ],
        "minimum": [
          -1.3916080627538536e-15,
          -10.0,
          -10.0
        ]
      },
      "is_closed": true,
      "is_null": false,
      "is_valid": true,
      "passed": true,
      "solid_count": 1,
      "volume": 19739.20880217872
    },
    "sampled_internal_section_count": 16,
    "terminal_bore_failures": [],
    "termination_seal_failures": [],
    "wall_section_failures": []
  },
  "freecad_version": [
    "1",
    "1",
    "1",
    "20260414 (Git shallow)",
    "Unknown",
    "2026/04/14 22:09:59",
    "(HEAD detached at 0108fd4b4)",
    "0108fd4b4850cc46e625b60e53cea7a7bbe69f8d"
  ],
  "generator_version": "cadgen02-freecad-v7",
  "module_ids": [
    "M1"
  ],
  "passed": true,
  "payload_digest": "55f4e8c44580252afff63ee073892eb939ee0e6a1887729a6250e4974a64c9cb",
  "run_id": "20260710T125612156582Z",
  "schema_version": 3,
  "state_id": "S1",
  "state_version": 1
}