{
  "attempt_id": 1,
  "candidate_document": "CadGenCandidate_primitive_junction_changed_diagonal_branch_1_1_a2a4f908707a",
  "candidate_shape_fingerprints": {
    "PipeAssembly": "918afe23597ab0cc988c2372dbbc929355b5605c0b4c69d7551854fdd9376617",
    "solid_M1": "53266d1e281de4c849f6cff8a4f71ce15440fa48962584ab659716e7f847d149"
  },
  "checks": {
    "anchored_inlet_bore_failures": [],
    "anchored_inlet_count": 1,
    "assembly": {
      "bop_errors": [],
      "bounds": {
        "maximum": [
          65.00000000000003,
          56.568542494923804,
          56.568542494923804
        ],
        "minimum": [
          -10.0,
          -10.0,
          -10.0
        ]
      },
      "is_closed": true,
      "is_null": false,
      "is_valid": true,
      "passed": true,
      "solid_count": 1,
      "volume": 14617.181789113718
    },
    "assembly_errors": [],
    "bore_network": {
      "assembly_intrusion_allowance": 0.0002646189621742065,
      "assembly_intrusion_volume": 0.0,
      "bop_errors": [],
      "bounds": {
        "maximum": [
          65.00200000000001,
          55.155743146113096,
          55.155743146113096
        ],
        "minimum": [
          -8.0,
          -8.0,
          -8.0
        ]
      },
      "intrusion_module_ids": [],
      "is_closed": true,
      "is_null": false,
      "is_valid": true,
      "passed": true,
      "solid_count": 1,
      "volume": 26461.89621742065
    },
    "centerlines": {
      "M1": {
        "curve_length": 135.0,
        "minimum_radius": null,
        "passed": true,
        "required_radius": null
      }
    },
    "connection_failures": [],
    "declared_downstream_open_port_count": 2,
    "minimum_authored_wall_thickness": 2.0,
    "module_errors": [],
    "modules": {
      "M1": {
        "bop_errors": [],
        "bounds": {
          "maximum": [
            65.00000000000001,
            56.568542494923804,
            56.52073046399751
          ],
          "minimum": [
            -10.0,
            -9.983081582712682,
            -9.937122098932425
          ]
        },
        "is_closed": true,
        "is_null": false,
        "is_valid": true,
        "passed": true,
        "solid_count": 1,
        "volume": 14617.181789113718
      }
    },
    "non_adjacent_overlaps": [],
    "outer_network": {
      "bop_errors": [],
      "bounds": {
        "maximum": [
          65.0,
          56.568542494923804,
          56.568542494923804
        ],
        "minimum": [
          -10.0,
          -10.0,
          -10.0
        ]
      },
      "is_closed": true,
      "is_null": false,
      "is_valid": true,
      "passed": true,
      "solid_count": 1,
      "volume": 41078.16749014125
    },
    "sampled_internal_section_count": 4,
    "terminal_bore_failures": [],
    "termination_seal_failures": [],
    "wall_section_failures": []
  },
  "freecad_version": [
    "1",
    "1",
    "1",
    "20260414 (Git shallow)",
    "Unknown",
    "2026/04/14 22:09:59",
    "(HEAD detached at 0108fd4b4)",
    "0108fd4b4850cc46e625b60e53cea7a7bbe69f8d"
  ],
  "generator_version": "cadgen02-freecad-v7",
  "module_ids": [
    "M1"
  ],
  "passed": true,
  "payload_digest": "a2a4f908707ae8a4ff6d7bce8150aa904c25d7ab6a1da6bb9e00c03c6a94a805",
  "run_id": "primitive_junction_changed_diagonal_branch",
  "schema_version": 3,
  "state_id": "S1",
  "state_version": 1
}